"","CD","Chla","Chla_k7","CD_k7","Pext","Pint","P_ratio"
"CD",1,-0.494654377808169,-0.408337502113236,0.540082463174528,0.252901655498638,0.382829638335884,-0.31510276104062
"Chla",-0.494654377808169,1,0.788789238978929,-0.438473066765438,-0.295057048922846,-0.160792796843983,0.265875720392138
"Chla_k7",-0.408337502113236,0.788789238978929,1,-0.528869108812933,-0.224017753799616,-0.0324966627294108,0.128694644454683
"CD_k7",0.540082463174528,-0.438473066765438,-0.528869108812933,1,0.265664370174638,0.128646932307426,-0.267932738269515
"Pext",0.252901655498638,-0.295057048922846,-0.224017753799616,0.265664370174638,1,0.154117714778518,-0.179994401147308
"Pint",0.382829638335884,-0.160792796843983,-0.0324966627294108,0.128646932307426,0.154117714778518,1,-0.432166306285267
"P_ratio",-0.31510276104062,0.265875720392138,0.128694644454683,-0.267932738269515,-0.179994401147308,-0.432166306285267,1
