"","CD","Chla","Chla_k7","CD_k7","Pext","Pint","P_ratio"
"CD",1,-0.52259808514662,-0.409050782255697,0.661485354630251,0.431655711889256,0.424721175681092,-0.355503022639447
"Chla",-0.52259808514662,1,0.822822817104298,-0.448485928821847,-0.343170387684572,-0.193094704913479,0.257574073504326
"Chla_k7",-0.409050782255697,0.822822817104298,1,-0.540556596187836,-0.305980426218227,-0.0986048964823835,0.161296051638531
"CD_k7",0.661485354630251,-0.448485928821847,-0.540556596187836,1,0.36498606941937,0.318091662264074,-0.29182864421211
"Pext",0.431655711889256,-0.343170387684572,-0.305980426218227,0.36498606941937,1,0.00932451517580499,-0.0663450111430886
"Pint",0.424721175681092,-0.193094704913479,-0.0986048964823835,0.318091662264074,0.00932451517580499,1,-0.344229665552522
"P_ratio",-0.355503022639447,0.257574073504326,0.161296051638531,-0.29182864421211,-0.0663450111430886,-0.344229665552522,1
